6.232775685317210046e-01,5.819617251060424934e-01,5.224748102829888108e-01,6.760555550010332038e-01,7.996659677540108868e-01,1.380723795022979150e+00,6.950405699266472337e-06,6.451085048441320691e-01,5.305181745275552307e-01,4.993140546878223063e-01,9.841731133489141359e-02,1.003801048227615789e-01
7.160746448379415874e-01,4.188287443827401761e-05,8.466429784842206124e-03,4.011942563165569742e-01,1.468802023605932788e-02,7.313475598706790093e-01,5.123070117103515600e-05,4.244729363171775160e-05,1.496627190337719959e+00,8.946968366200268308e-02,2.369651132483855949e-01,8.445363747359104778e-01
6.358185417853329247e-02,8.185473801840068564e-01,2.642779000333890238e-01,6.146425970541381512e-01,5.854782632855874969e-01,5.185723644703666979e-01,7.411588496396331882e-01,3.257017482307836276e-01,2.571531009607996854e-01,1.656429082064346525e-02,9.946264319678278509e-01,3.474032997712888649e-01
4.971983685377031614e-01,4.998615489914912113e-01,7.513531904647550164e-01,5.885810401337825404e-01,2.429751109978570134e-01,4.733993469632580831e-01,8.261030023379536402e-01,1.020013043431798744e-01,6.463882452049740657e-01,7.059693404832084740e-01,9.582509663749769757e-01,3.905899223610420114e-03
4.977688717270744023e-01,1.322374837453698659e-01,8.666223007673903300e-01,3.747101246722192025e-01,8.052830821846691522e-01,4.089628307753469527e-01,2.740233863548094395e-02,5.500472962442852776e-01,4.486173111062549124e-01,5.662225536773916046e-01,6.523353384811973743e-02,7.994838912000477027e-01
5.963818415614888790e-01,4.688310234696003720e-01,4.384399222541130597e-02,6.091150189736818099e-01,7.745356916279747539e-01,1.075037835096132932e+00,6.798883442062783056e-01,2.744414058053037953e-01,2.105361279359412585e-01,4.336858043376690813e-02,5.613357603696655929e-01,3.388962553146052659e-01
4.085994732580986444e-01,3.639749418772729071e-05,1.364564792969498397e+00,8.087238335710941750e-02,1.300213460919331654e+00,2.952328723045418197e-05,3.748144721903283211e-06,7.211815143525802663e-01,5.032246219023756711e-02,2.495232272864113254e-01,4.824809747861293768e-02,6.028753447303907276e-01
1.355740691867365344e+00,5.367752929493336822e-01,5.948706788354507502e-01,4.150532059882499625e-01,4.002629093339754585e-01,9.494516745075493036e-01,7.329133374757618169e-02,8.519594336880977892e-01,5.797812421168532238e-01,1.075265815010528092e+00,1.932768809932133569e-01,2.245677514247048367e-01
7.053221220163677918e-01,3.731694674423809976e-01,8.146767568058558284e-01,1.949341250485805629e-02,5.284310699569295666e-01,2.665952794627635680e-01,8.420421934862423186e-01,7.920069708963923816e-01,4.651011001893010643e-01,5.353773316241264846e-01,8.964983471381837710e-01,4.296781182700129542e-01
1.503959579739002073e-01,7.042549488907594579e-01,6.592596282794980223e-01,8.566877828137609008e-01,7.907331545611858692e-01,7.583621413564035907e-02,7.811012967876795887e-01,4.025499590878940936e-01,6.479856179261941351e-01,6.997551098547730719e-01,6.462260782495744538e-01,6.500058519340923269e-01
4.097944143580175003e-01,8.140181906957678626e-01,9.433501821931948861e-01,1.216269574621549054e+00,7.840471547992226009e-01,4.282915391461820653e-01,1.889926916993756728e-02,1.866356334657334748e-02,9.129972491146035596e-01,5.004965159051789625e-01,9.406743809710221838e-01,1.078852058343973686e-02
4.079661143687731140e-01,2.120782108280247769e-01,7.757757567309380153e-01,5.574441014567995678e-01,3.825404092173376180e-01,1.228830207401074848e+00,8.072643684388877987e-06,3.791697053395458594e-01,1.016483714459254784e-01,3.815907883153761969e-06,4.531799483867309242e-01,4.129642178829396326e-01
6.038569065548770043e-01,8.478498754844238094e-01,4.738799257641840290e-02,5.820823707427092986e-01,6.910802216916110963e-01,1.036472033745051480e+00,3.102114113814685714e-01,6.079756670440180644e-01,3.315192991516779930e-01,4.395970802509366337e-01,2.527832150351748686e-01,4.262492740440518291e-01
5.837813029543119370e-02,9.350040187579167369e-05,2.606263202352568722e-05,8.649719912279409950e-01,3.395638921948914701e-01,9.986071908457834490e-02,5.280150082351242038e-05,1.110721473858039294e-05,9.022620683342869345e-05,6.425183398347954395e-06,2.045297453748021743e-01,1.107163998695444296e-01
8.560149284768687750e-01,5.746147157177484699e-01,9.156309888369732475e-01,4.455760975956562508e-01,6.445083452392141865e-01,1.124511427744174341e+00,5.428515072266038022e-01,5.685882159987594164e-01,4.658835709209636078e-01,9.404433935838470981e-01,2.527217920856205668e-01,1.927798027505475964e-01
2.476571339719635112e-01,4.553055168836965816e-01,5.145077756454801143e-01,1.225563044661223816e-01,5.131213275551717024e-01,3.917151826068409615e-01,3.994675618069714051e-01,6.360367773006252445e-01,3.890866190977968486e-01,8.985368334753534442e-03,4.891483276953907944e-01,2.697020029745817449e-01
6.965211334711136903e-02,1.316328336243696162e+00,7.984564194141351434e-01,9.982202677814214775e-01,1.133680596549849484e-01,6.307701022458473972e-01,1.403838657353404309e-02,3.793328455983924208e-01,2.314633577539470799e-01,1.316734763184282397e-01,2.103819721576031254e-01,4.428210969475362413e-01
6.441998743306635022e-01,7.603886164260551528e-01,5.599324095714391936e-01,3.871275769274801215e-01,7.131584514083154053e-06,2.341159956247401419e-01,5.563503896536204918e-01,3.707499132074490999e-01,6.200261306563125026e-03,2.933698262852864683e-02,9.784093311094809176e-01,1.082112712808683375e+00
2.955951528507168025e-01,5.077825213382088920e-01,5.681597250990854109e-01,8.174499878802440334e-01,6.396213912940045265e-01,5.351677744508542833e-01,8.598642642834267713e-01,1.048720787348940586e+00,3.647082183464842031e-01,6.855280471260738473e-01,1.076060145030344639e+00,5.150971214863566683e-01
8.725583420043863114e-01,5.078654283859387331e-01,2.294826777317176547e-01,2.179850627475623248e-01,7.077616785820305401e-01,1.996821006582681912e-01,2.029164272491932042e-01,4.899305126767536933e-01,3.055170211234889410e-01,4.582025737735518911e-01,1.946907409937455868e-01,6.502278503688984079e-01
4.994703304801977745e-02,2.125703629584567938e-05,8.811434777316395212e-03,8.066365735036606921e-02,1.532412081118288860e+00,4.535589428508400300e-01,1.751802444027380378e-05,3.857263892654155812e-01,2.766010186720372136e-05,2.740171438935775299e-06,1.762696178491494830e-05,1.050006472603583207e-01
3.869445923841790536e-01,7.695787916816456686e-01,1.610434717516523451e-01,8.277679543296478926e-01,1.123068926243056542e-01,6.560526228543430705e-01,1.318909854746977972e-01,4.774424069114274194e-01,6.774288740845060275e-01,3.605447550174718518e-01,2.898712838189193008e-01,3.348372760472117515e-01
2.258510557656787099e-01,6.559004079348987881e-01,7.952355001616181752e-06,1.676522723612007468e-06,4.173102724769265359e-01,1.600279068758023449e-01,1.528060701700568957e+00,4.402385759996965131e-01,3.267451028209463759e-01,1.422972081108420106e-01,4.363206735704548977e-01,7.548953769586889129e-01
1.878017052840894874e-01,2.692520038935981019e-01,1.681880242819797644e+00,9.010552655561909763e-01,7.502997503510523414e-01,4.719408967199449911e-01,3.036854023071805520e-01,5.246229209565225204e-01,1.591605445565584531e-01,3.741524192467977628e-01,1.739411263919601047e-01,7.779523659779382649e-01
7.292574824641947506e-01,8.933954411937164997e-01,2.675491429760268880e-01,8.900970483631636121e-01,7.023929402047012216e-01,5.759650197215552864e-05,4.241954902282140671e-01,1.589855924279217625e-01,7.882781968211213242e-01,4.390570656152850693e-01,4.869661644961151281e-01,6.456862783444057285e-01
8.853597904096673910e-01,3.726249865136728179e-01,7.219497948011197597e-01,4.341963433714749465e-01,2.632223581148607721e-05,8.686783918410145855e-02,6.336197145960726154e-05,6.158137336030490431e-05,7.647994309399380741e-02,1.209199658192511295e-01,1.047537462869334357e+00,7.804486086143975002e-03
2.530733922238594391e-01,4.314091083155482953e-01,6.647398306261682599e-01,5.061957616230979840e-01,5.268062014599371734e-01,6.950882919382203040e-01,1.031324648709111891e+00,7.268451577215253590e-01,3.970920179420622809e-01,1.432916823670579431e-01,5.171175267062549930e-01,4.258870351195103154e-01
4.204264536778203887e-01,1.083029043864891960e+00,2.363153558127358347e-02,8.714213784914832672e-01,4.885984194302844807e-01,2.981604846411387705e-02,2.343926382443154710e-01,5.215532691725227599e-01,2.510216465659206864e-01,1.216408416710557105e+00,5.325090140976829201e-01,1.036924952140464047e-02
7.637109082357979029e-01,8.611613022157699193e-01,4.450108750600982876e-01,6.978304683838130185e-01,9.793569422636973221e-02,2.599460294986244979e-01,2.154822663408430539e-01,5.606127606353126236e-01,9.468786513899670743e-01,2.912219067151982643e-01,3.356170414439087251e-06,4.495270955239908110e-05
7.311025966115781705e-01,4.179925603821007529e-01,5.121059033447595832e-01,1.475118160058653399e-02,5.460085842408690660e-02,3.949863104354769255e-02,4.152262569986410190e-01,4.331091385166205843e-01,1.442953271868961662e-01,4.353809222569109080e-06,8.618820724186337934e-01,8.704990389005985429e-01
6.041242951421632590e-01,7.399223435771418167e-01,8.761938075466917386e-01,6.217015709490768538e-01,5.321239641768296114e-01,1.391693999701632545e-01,5.521359179508447124e-01,2.884452180042565428e-01,5.237511597306935274e-01,6.154242590060740037e-01,1.085145715370389174e+00,6.285986252530629814e-01
5.592600109041686585e-01,4.882850270201732901e-01,1.077719579885599438e-01,5.687502109995044158e-02,3.543333644574180319e-01,7.817027655097178451e-01,3.532254884689926544e-01,9.195314256016792198e-01,5.164417163244658937e-01,1.885950126751179678e-01,6.029558399727372731e-01,7.281293002666640035e-01
6.766901767141934032e-01,9.460497469380799718e-01,7.179190059254012546e-01,7.988778539227638087e-02,5.239604720883302147e-02,4.993455746510398058e-02,3.200896796707436431e-02,2.758232334416523268e-01,1.178613032800769761e-01,6.554765940308358019e-01,6.048138109395992390e-02,7.668598388827754242e-01
1.511079517974461273e-01,3.318314176490927969e-01,1.892109003311555071e-01,2.905696177629393806e-01,3.228594541806240614e-01,9.284653566477469866e-01,3.197045873951199768e-01,1.078990202619259042e+00,1.140894065429970627e+00,9.370505651145571990e-01,1.388367389498487182e-02,3.585270042352917685e-01
3.264580227729825812e-01,2.598785720600663152e-01,1.273938754783697780e+00,5.580472289056415819e-02,4.859923278840498906e-01,4.033445005968878116e-01,4.262716598087073483e-01,6.506557987773701202e-01,3.452356727282952509e-01,3.554133152861190648e-06,4.329610877101493505e-01,3.970419681250981214e-01
7.379045442415775868e-01,1.421872569765041949e-01,7.415283698367638454e-01,4.643708395069056083e-01,2.865368911205792291e-01,3.272581379581272487e-01,5.983273837955420671e-01,2.854133820360572615e-01,4.609638460320978903e-01,5.024998592665705921e-01,3.913227817961544171e-05,2.810327250029044932e-01
2.505832228988067554e-05,2.978025125731598166e-01,7.261384022942606042e-02,5.606012972979949600e-05,6.850997556353988216e-01,9.737469971405467858e-06,1.240059904471559005e+00,1.634204795735142435e-01,1.607934410876254994e+00,3.519152145206382309e-01,8.704569707449474891e-02,2.065237002077646798e-03
4.271667904254453640e-01,8.628317892215980889e-01,7.222731568540809999e-01,9.060522470877332424e-01,1.992439784968902949e-01,7.031584756006351578e-01,2.387444136279936319e-02,6.584539420581232427e-01,3.330496332045557728e-01,3.288473885616686743e-01,2.971487174665169428e-01,7.476052418469168563e-03
6.997649321819836565e-01,6.871880444810990474e-01,4.669735018601026688e-01,6.031695329488203638e-01,7.808670413760364359e-02,2.231013024931067026e-02,7.262464250003106692e-01,3.965836291724870177e-01,9.287072460010713515e-01,4.051871659545707716e-01,6.851162626061777505e-01,3.961490230450376293e-02
1.731139806651331159e-01,5.634860409129043290e-01,3.300234250740645137e-01,8.280931807804296221e-05,6.203301063221932829e-05,7.186743813951358417e-01,8.754633094318234332e-02,1.144211475050594062e+00,9.714395857254389810e-01,4.588947129711953843e-01,2.430456526825463398e-02,6.725226078422266620e-05
1.743877352515731949e-01,5.605047664854971856e-01,2.740349181850645355e-01,4.864516648698915535e-01,2.679921550624586937e-02,4.461791693059006247e-01,2.577331292034421018e-01,8.788609624776555496e-01,9.913215195438195293e-01,5.789183433262815592e-01,2.380493991936311893e-01,5.829126753781687098e-01
6.283934401536786507e-02,8.546720171422472756e-01,5.571345561809540881e-01,3.314551059892933971e-01,5.562291271340970011e-01,1.165934900905545302e+00,1.849070526876291642e-01,8.695356771899007686e-01,3.730234234822657480e-01,3.921130976554801362e-01,1.228369469260441882e-01,8.994726541509846518e-01
7.464358293079766116e-04,6.471656589908842960e-01,6.809479005211146463e-01,1.854260020867277148e-01,7.737820896539620019e-01,2.900648321945491492e-01,4.721086597346738079e-01,1.675391796850602133e-01,2.807936815103200257e-01,8.196418520123170959e-01,5.946417296403825811e-03,7.315770901764423462e-01
6.919345003160651819e-01,2.668862275602287837e-01,1.161746697346594193e+00,8.532214950362930761e-01,9.374431727874553699e-01,4.111681493244100927e-01,2.274626866169143378e-05,5.933049142172309720e-01,6.172688726089103906e-01,3.230916399601958935e-06,8.298215088261551298e-01,8.763494788351329223e-01
1.535615547144793813e-01,9.483722147999705809e-01,1.219513138938207591e-01,9.601947491420483871e-01,6.780000592592992925e-01,6.688106782665251826e-01,3.762181699055792139e-01,3.245927026254076808e-01,5.816070393475334388e-01,9.438719191814841647e-01,4.960990042277659273e-01,5.263213629740264299e-01
5.827172256976804743e-01,7.051571405905878720e-01,4.627284553300039516e-01,5.324785794307143050e-01,6.600210142318055917e-01,3.708429792094633526e-01,2.934865418878602195e-01,1.079371131685160412e+00,5.782752035723739414e-01,4.398427445371467237e-01,3.891656244491958905e-01,6.476091656127785923e-02
6.946561015556980412e-02,2.623021496712477640e-01,5.932982560859555443e-01,1.158893131470583038e-01,6.026659642752640877e-01,7.508389217836732854e-01,4.284454897959135700e-01,8.571525618206059516e-01,2.688848366161558645e-01,9.900989984135186717e-01,4.072387951375016496e-02,6.390842151784956737e-01
5.563058129421808440e-01,3.267456888367795687e-01,9.489392970223754498e-01,7.466721858549276725e-01,8.409069812711901237e-01,3.434091932256908009e-01,9.544672341826813122e-01,5.851669705204841643e-01,5.747478709586217871e-01,2.163165911384409834e-01,7.558656350239030264e-01,8.454996904083333931e-01
9.423829620820231914e-03,4.287815349107950147e-01,1.370350740380851806e-01,6.096730723108904071e-01,5.640201508594719915e-01,3.900044489568637029e-01,6.154172454003347115e-01,6.609524270563955639e-01,5.652037921503586526e-01,9.080523892910722372e-01,2.617010301608154078e-05,4.078459617780529345e-01
1.361185828634449702e-01,7.782255707538977552e-01,4.478673643719878750e-01,6.566460670384739462e-01,5.995923005367616021e-01,6.907378951782174870e-01,1.411045564911972694e-01,1.176064992913107288e+00,3.021572165279565181e-01,4.779953825869974193e-01,1.476546312003333537e-05,8.359313699634225436e-01
7.018694943555579288e-06,2.109221291763358364e-03,9.856867545319846213e-01,6.775185415731345140e-01,7.741368689745068421e-01,7.054529041545214429e-01,1.182750971804270579e+00,6.900758871538447137e-01,4.170306326101581584e-01,3.259969604138737709e-01,4.970899472593409696e-02,6.706578618448764961e-02
4.362493341622695198e-01,9.861997104116044799e-01,5.103563934793746704e-01,8.928037826804045007e-01,4.475452256744475443e-01,5.078924681965577559e-01,3.024719283714976115e-01,7.531630862109747193e-01,5.844757591303705313e-01,1.013318771764788684e+00,3.198290019821974361e-01,8.718413701312868191e-01
4.800000635787931213e-05,2.519254946830516984e-01,6.476279607587268616e-01,5.366744951079593928e-01,7.262471808931475481e-02,2.932187200431284036e-04,5.359272388306158819e-01,6.740686292076327746e-01,1.004315513574897789e+00,6.203156201029609296e-01,5.144056323380734597e-01,5.609347007768431537e-01
7.412836760434849959e-01,5.699408811221291504e-01,6.542370535854451497e-01,8.987791370538676938e-01,5.751469518218477184e-01,5.070209266413833182e-01,8.662275391887043208e-01,7.282557191033802724e-01,8.895260677150520490e-01,3.170109759655396764e-01,5.182926185370454464e-01,4.464286673353695667e-01
6.024735675248054090e-01,3.107689803644638205e-01,1.178156486732391678e-01,1.935823218959991099e-01,6.815331184590307789e-02,4.245868552929545348e-01,7.870116671686315790e-01,6.225397850667084843e-01,4.295440194300807479e-01,2.746303503578746974e-01,7.410790844990917947e-02,9.469204139678670806e-01
4.436840167976994348e-02,3.120066972378033876e-01,9.747804471703058748e-01,4.006886690342365553e-01,4.815604437882423094e-01,5.488130753673149398e-01,1.559625396884679605e-01,4.091065972024516273e-01,1.494473397752398569e-01,7.279790206926268770e-01,2.265778788008924460e-01,5.693594158658600302e-01
3.829787629928730897e-01,3.018242813988996631e-01,5.573298178294932015e-01,3.081138307852943625e-01,6.909074325031250297e-01,3.822323965718678607e-01,4.571659830155525572e-01,7.081024971794197542e-01,5.868892842431979728e-01,5.166881036760881951e-01,1.667825670054464554e-02,8.772115572831677976e-01
2.683524721873307636e-02,3.057801199060325992e-01,5.136100662435825193e-01,4.024495026720448232e-01,3.321898061669537050e-01,3.031500184604788914e-02,2.920253300521619688e-01,1.963001474747685937e-01,1.231215110504767646e-01,1.716171840408542981e-01,3.181835452378338312e-06,1.577025698401751108e-01
6.545958644374120228e-01,1.412213197504926132e+00,2.648244972896428573e-01,1.070994205290217272e+00,2.101501265223958137e-02,5.135284813218986555e-01,1.072756142991219130e-01,2.153245506902977946e-01,4.381679012634138171e-01,3.582302491791272692e-01,3.623677160179525347e-01,1.975495852638614602e-01
4.291707325362635328e-01,1.157385606116186016e+00,7.074533063685524148e-01,8.471917897927939700e-01,7.021755048116921083e-01,6.629597403522310417e-01,1.431432343770976667e-01,4.725028476893687879e-01,7.633922864718535317e-01,1.037985051062816799e+00,5.323719845758760894e-01,7.810172257751001323e-01
2.951430909798571011e-04,1.079336869706643665e+00,1.847952568134939022e-01,2.845755677874179379e-01,3.141244185709757752e-04,5.103901079886620637e-04,1.984549390299192057e-04,1.182801472809925203e+00,1.795930336308465612e-04,1.182487043722462383e+00,1.769656445332369057e-04,4.498409130875574702e-01
1.052648761229917795e+00,7.364141754963389463e-02,8.673180073176190996e-01,1.100713885298647332e+00,4.210220223074251367e-01,2.688867801010045300e-01,6.687208861812132983e-03,4.723597400830756993e-02,3.853775057301966345e-01,6.563784405218805462e-01,4.054231507021889835e-01,3.413620015656566586e-01
5.519905087762164708e-01,3.016927642122391173e-01,7.563472998114594281e-01,5.925366313852171718e-01,5.121422472202222798e-01,3.220011951352654278e-01,1.281769996136672696e-01,3.861634191857094556e-01,8.067946311331192222e-01,3.629518051047034288e-01,2.026115038714040584e-01,6.227250488915053728e-01
2.530118369044198623e-01,8.792537741307072663e-01,3.308447959517236137e-01,5.039415176343507996e-01,2.583638837699849811e-01,5.354164098740545885e-01,2.746290789925590614e-01,3.349733002458951669e-01,6.533962376430728636e-01,7.645746703026216062e-01,7.409836668372997703e-01,2.726052037173884446e-01
8.683696068124648892e-01,5.409048227644661644e-01,4.841464382271603584e-01,3.377492497242183256e-01,2.056794651731873591e-01,4.279931812290468929e-01,2.878005582272644691e-01,2.235532682081825262e-01,7.504345378969221048e-02,4.864894230914644235e-01,8.491503853752918607e-02,5.466348767806966658e-01
1.939189722803441873e-01,2.165814703444640943e-01,4.651962356477707394e-01,3.242197549224014042e-01,4.722515050198697883e-01,1.174387464302504430e-01,7.126687452859684635e-01,5.101073419665221875e-01,7.121775604583744368e-01,5.826812404579453375e-01,2.989340239783401798e-01,3.912476623883737736e-01
1.198953424365273301e+00,6.560791106947211349e-03,6.989401578365116441e-01,3.610816328670213848e-01,7.875889255545458489e-01,5.934368683129769284e-01,4.128400261628695916e-02,8.104772136070720334e-02,5.859857098227078120e-01,8.663135737918894463e-01,9.720008509473239133e-01,4.117993975085920688e-01
1.019209769785660136e+00,1.283478031354057469e+00,2.987302228626309009e-01,6.206371207354006991e-02,4.057493865355895069e-01,4.917167327526066334e-01,6.429018277160162276e-01,1.015501457913040806e+00,6.098055804677622316e-01,2.920721661766010890e-01,2.107822470224076650e-01,5.218996749499412724e-01
3.037624864464740226e-01,1.555702139482300961e+00,5.577725794479516663e-01,5.176664851727802441e-01,4.036544857040579720e-02,1.269449099704797815e-02,8.182688910623403533e-01,4.757061083651673572e-01,4.975555260005682934e-01,6.284571606022607559e-01,4.952515002168637603e-01,5.408544599999518532e-01
7.892304370994570606e-01,1.506858236570806820e-05,1.449728000583759835e-01,3.108645780812048787e-01,5.693281619944942085e-01,6.711440503496971521e-01,1.497475462274934499e-01,3.184516454743348546e-01,7.602364806423125287e-01,6.516923929013114236e-01,2.509413944687960765e-02,6.931597999195528992e-01
1.245216125265126070e-04,4.171822638807229922e-01,4.947659521185946985e-01,1.896363427141834201e-01,1.284037869966762890e-01,3.075145686056555694e-01,1.478605635242274730e+00,2.416772236414641093e-04,4.226050979865574320e-01,8.028474461531441841e-01,3.703275587837941973e-01,1.833813641545307331e-04
5.478860160350497964e-03,7.064159319187688357e-01,9.562037493957040724e-01,7.280321700248428840e-01,5.491479016095986848e-02,2.300201436393176091e-02,1.505285150753461233e-03,4.457474306941935360e-01,5.561492108325075678e-01,8.805009517310721234e-01,6.878920519754506358e-06,3.883677717668937990e-01
4.933293849673454079e-01,8.745054297080991912e-01,5.134525006056638030e-02,1.475028995625588257e-01,7.740707187202339190e-01,4.249476335983939923e-01,7.997010276358168523e-01,1.203277816504581404e-01,4.572392560602951961e-01,2.442198534838544988e-01,2.227604500376202390e-01,3.549237151299935444e-01
2.022063110807380271e-01,1.374501397805010516e-01,7.790900515626922873e-01,4.416957144607199792e-01,2.941152678057759595e-01,3.514572177859140445e-02,3.866638539578666767e-01,3.418322058323325363e-01,6.877538184409575095e-01,1.772963767404370505e-01,7.324674232163781440e-01,7.208887945276333253e-01
3.163170439342542495e-01,1.501910701844660356e-01,4.893442008574583471e-05,3.505498896242870699e-01,1.882389102925110524e-01,4.536496279946053978e-01,1.754347515380552391e-01,3.308476021479172524e-01,1.145960018085341092e+00,2.933969546221363300e-01,3.101496945782828980e-05,9.215700505751818206e-01
5.875836334178784481e-01,7.389667650196455316e-05,7.812130408098458823e-01,7.241385626549761145e-01,4.121742730058865489e-01,1.068144580223833102e-04,2.368962004690146556e-04,2.549850025603357721e-05,8.481466468880529685e-01,7.657266657592902703e-01,9.762010013369677441e-01,2.022057743558456733e-04
5.452627623720593952e-01,6.723748656102712662e-02,6.312740045789082544e-01,5.436503188715008372e-01,3.976374580631929501e-01,3.774448487832079979e-01,4.782160456082901190e-01,3.074838898273710708e-01,2.398608004458573362e-01,8.360558147478318325e-02,1.337615980806639848e-01,4.698523274348557766e-01
9.470114698959045674e-01,8.578386529452891596e-01,8.414909491132296360e-01,4.947941907761526092e-01,4.336325467540351197e-01,2.424148089972312525e-04,9.495237830072348340e-01,1.176166777338266412e-01,5.651591768294335072e-01,4.387528349542150763e-01,8.924890614041133263e-01,8.911223979104031523e-01
3.582624161585908906e-01,5.423065784560060498e-01,8.422859657687088719e-02,4.327047244487338684e-01,2.073607592130070620e-01,8.146718407387754102e-01,4.873735811186014066e-01,7.686639076029514461e-01,6.059521439493580353e-01,6.813546440429124607e-01,7.247895517343745375e-01,7.536713017170338924e-01
2.572376383761417196e-01,1.854563280348127119e+00,5.287056313375183558e-01,2.187381604981165906e-01,4.435337526059485942e-06,1.350990055626343639e-02,6.906812747583717105e-01,8.727472853340136061e-02,1.064151639391049509e+00,2.203723952643400763e-01,1.449555264348632466e+00,6.223078879723203949e-01
9.829332257374838455e-02,3.615691962471476173e-01,7.376260021846333670e-01,4.900165369753993749e-01,4.845841507502769985e-01,1.242583121593185749e-02,7.393046234104538872e-01,6.169053567555267126e-01,6.145234087132304124e-01,9.786896534792919322e-01,8.981256100551946453e-01,4.165198552631944606e-01
1.038820698241313956e+00,5.257724893976483127e-01,1.046275093455199201e+00,4.203748433821205555e-01,6.431629065519914867e-01,5.375468213938092710e-01,7.263710376087982590e-02,5.640219962497236006e-01,8.751376649919345718e-01,7.724040618097959277e-01,5.302173113991779374e-01,4.247925474235110799e-01
9.652148305241368131e-01,3.402561776605151356e-01,6.665258331436724193e-02,7.766572872280570472e-01,2.844442631147374792e-02,4.418689162387031688e-01,1.659137986550406020e-05,8.018809313340770654e-04,1.264669098540664172e-01,4.726822846435156378e-01,3.052747662840097145e-02,4.134715622480389027e-03
6.666612716627470236e-01,8.513667386770420453e-01,1.318538378782637965e-01,2.744283745131214647e-01,1.418976709290227012e+00,4.467191050928540075e-01,6.172321369828003002e-02,8.796358109937481018e-01,2.646441053804612364e-01,6.316325416767817336e-01,6.245822353318757628e-06,4.364435527862280950e-01
1.300303435713865419e-01,7.143058609807195758e-01,5.033253801076532641e-01,6.949681834000379088e-02,5.180963625450414334e-01,4.318181813574743511e-01,1.705154528715812356e-01,5.140890210410360428e-01,5.476162573073453110e-01,4.119361922259694997e-01,4.008363601079542593e-01,5.526103944685063496e-01
2.374713044612999091e-01,6.129658806786953962e-01,3.114534266154677100e-01,4.989770898591166515e-01,2.787682548757230427e-01,8.459113846457134711e-01,5.112862557810106123e-01,6.869596170019404147e-01,5.147881089943735500e-01,3.130109777109948976e-02,3.156869683822782213e-01,3.284457912792392853e-01
4.490506359682410603e-03,5.806068645434524500e-01,1.261208322293330353e+00,3.788086127092630817e-01,2.336810748126502413e-01,3.202237690238571993e-02,7.988530961194206803e-02,9.707690905394865677e-01,6.934936683086784095e-06,2.152313465678039883e-01,2.419260309776613202e-02,1.070138691603155445e+00
8.115376386471623293e-02,9.828269583783616481e-01,7.249690870502567552e-01,1.194066517692987661e+00,1.347074437048482731e-01,1.127332484912448418e+00,1.434197068574434020e-01,7.584463728583846764e-01,1.922625393768265800e-01,4.448589993982964286e-01,2.741761703404408390e-01,9.019223106296225811e-01
4.012172425454608386e-05,8.728114801144560841e-01,1.386655953336620284e+00,3.799356963881542009e-05,5.326235799351436428e-01,1.232883426711428171e-01,3.217602692593904412e-01,9.627417663700620076e-02,8.621344858602881800e-01,7.888546925036616919e-01,7.025575163047953486e-02,1.104296101690311671e+00
8.729153226769941210e-01,5.069017410445354060e-02,2.429544934910279896e-01,7.111627241628122320e-01,5.360483514521375836e-01,5.316066161193141459e-01,8.486719783290835872e-02,1.579238589607223908e-01,2.385819237515103830e-01,7.817853303199273629e-01,6.896906210603788445e-02,9.598722432964276186e-01
1.954729856636033131e-02,6.456167208238924315e-01,8.075915372347930443e-01,9.194348330998640684e-01,9.100081510654254302e-01,3.325196276854513466e-01,2.712874040530779962e-01,7.113029601495399756e-01,6.556075005017713009e-01,1.107838223330167432e-01,5.183372283234585209e-01,2.034913394383871274e-04
5.035821053910425338e-01,1.819370876886825666e-02,1.552763148889073186e+00,1.013224681264877525e+00,1.679024741796626141e-01,8.719029770366852894e-01,5.754277550295501032e-05,9.960477684295588885e-01,1.184234573236979821e-04,1.582639631421196125e+00,7.149377957411007407e-05,1.086984775900377029e-04
7.533685953776432243e-01,9.673494801878979032e-01,5.497096015276722314e-01,1.925843791588029430e-01,5.856098441123421816e-01,2.930403216749811746e-01,6.090729331571478333e-01,6.919065684372252001e-01,7.351902940414100085e-01,5.653949488660023892e-01,4.959953674599651974e-01,6.641766242550227739e-01
3.343778193634184270e-01,1.581450560564209851e-01,8.829987298529273776e-01,7.630032123614984840e-01,6.104322312267601580e-01,3.597051810367029034e-01,1.231614652153937284e+00,1.050839455518274068e+00,7.002926179750076363e-01,3.130940063033829657e-01,7.042755323750607976e-01,1.500829151907774259e-02
2.284735890299418593e-01,2.855410224948079501e-01,6.971354376846924383e-01,1.001331012571705203e+00,6.324923553619108407e-01,9.909799988686693664e-03,7.222552884505510917e-01,7.014394900288605239e-01,8.242164481502829432e-01,8.833267765991551501e-01,9.195503739495860529e-01,6.124734186960890669e-01
8.969361317655814847e-02,4.694181450387222010e-01,8.154110541388538413e-01,2.690865412268173551e-01,1.372761967199239153e-01,8.459116439588514336e-01,3.080004401546547199e-01,6.574860218897276010e-01,3.697274312901637178e-04,1.336659025869955664e-01,4.514561068918637732e-01,1.362521408343655427e+00
3.599059051833869982e-01,6.365286246260878356e-01,6.679138714300693058e-01,9.460856222533589044e-01,4.510126088112000053e-02,7.113279532443017583e-01,4.590359666604328925e-01,6.492133600582052910e-01,7.690861739471026581e-01,1.514837092655501594e-01,9.251811935913228924e-01,3.378190344397271061e-01
1.103490964231303328e+00,9.453733852691695305e-02,7.481085412808033963e-01,3.305831525675168581e-01,4.726185248630066504e-01,7.927540397934615957e-01,4.108283105581367334e-02,7.479200212498724465e-01,9.602243493871766011e-01,1.181766010430691072e+00,3.491394043131772207e-02,1.793842794599367907e-01
3.002956971281207643e-01,1.049943531692027338e-01,1.065945020111624730e+00,5.241241451262090151e-02,5.468249724164664372e-01,6.121385559690244449e-01,7.239868371265155700e-01,5.482401220586511359e-01,2.434318921334033825e-01,2.238838728824782409e-01,8.975903607284955177e-01,4.170858079572080657e-01
1.054133115445785585e+00,4.582182975590861074e-01,1.251935404587092959e+00,8.789004117024858953e-01,1.980891447879663259e-01,2.647194909378948746e-01,1.572197525677505592e-01,3.463563665377186740e-02,2.565336979687486418e-01,1.296318885169437150e-05,9.495947214947212389e-01,2.921280371499842543e-01
6.854400395690284364e-01,6.002300068974280949e-06,5.471118735231736974e-01,5.539043257175176038e-02,4.960271535564548251e-01,1.398886932894855828e-01,2.688194723267974262e-01,7.066913464321669114e-01,3.677475641474020618e-01,5.717508878374295556e-01,2.948198765613804229e-01,8.536968835983007597e-01
9.666294536874924237e-01,9.385963022601948591e-01,6.674738908060976472e-01,3.713693748923458937e-01,1.415988184995704835e-01,5.685346505097635161e-05,8.083087897053907748e-05,1.380563848686617856e-01,6.543144714445745525e-01,1.006661069850351531e+00,4.371235858507578897e-01,2.035147735970406100e-04
8.330302147286894332e-01,4.800092475685698856e-01,6.300235075385877126e-01,7.250192860945449125e-01,2.342813555220172039e-01,7.045542536312201509e-01,4.711098067525534838e-01,4.231129987215088706e-01,4.611060150558675685e-01,1.069243249553692765e+00,1.717714472759990507e-01,5.128073716037683250e-01
5.582892180873114674e-01,3.341766138319859913e-01,3.132630616500367560e-02,6.764510798411826724e-03,1.457420791380473202e-01,4.043497380566713623e-02,8.701257338454984058e-01,9.476025429999064553e-02,7.183347924418300723e-01,5.147166810253901437e-01,4.589372071373609141e-01,4.447206694977589025e-01
3.319811522943041937e-01,3.966220160315813703e-01,9.695087869146807869e-01,3.228152327214787176e-01,1.340691888050903335e-01,8.205382420662471477e-01,5.627575506176936138e-01,3.642769840606599474e-01,8.941554276537491686e-02,9.079461190155930783e-01,6.061532831369038643e-01,1.072947298400180882e+00
9.617678226986575707e-02,6.779644886721259978e-01,3.762194204297182321e-01,4.816653291846877405e-01,7.178089046123604655e-01,7.426044308860272336e-01,7.380955198215205515e-01,2.765473424445952788e-01,7.602099228824458210e-01,5.609200728631154043e-01,2.538302623044347839e-01,7.337966168838124674e-06
2.000103578314287589e-01,1.638293412316309094e+00,2.580931100553015001e-01,5.700421264482478101e-01,1.071826793203624250e-05,1.423598522236050031e-05,3.720093656942802252e-01,2.474419425827901044e-05,3.038458470276425571e-01,8.535152457655742139e-03,6.037954336537559863e-01,2.517353666458053315e-05
1.476780006367697518e-01,1.126563837832612380e+00,4.096945080227569203e-01,7.567018316181796100e-01,2.669828070225556127e-01,5.002511492766912315e-01,2.289646902580847604e-02,7.002800678059603046e-01,5.943499323379143329e-01,4.840224810837329139e-01,1.478352612164346262e-02,7.969034049665675301e-01
4.008272076376333953e-02,4.132925433997348685e-01,2.361662089435397349e-01,6.166577928981358259e-01,4.780834624019492107e-01,6.206755835966192292e-01,5.373597411707103921e-01,8.345855390451888400e-01,1.922898824164779863e-01,1.277251470050381199e+00,3.995236374525897860e-01,4.063793942252846847e-01
5.940682748263419466e-01,6.268998957262312821e-01,4.170658044670175757e-01,7.533853800031485581e-02,2.132336313251122911e-02,3.696561007119224251e-02,6.126298340700000455e-01,4.687695463728547840e-01,6.165659614483316453e-01,6.687935067790971022e-01,5.792048319773313025e-01,8.026649004471917426e-01
4.255848127954452997e-01,7.804462978947662374e-03,6.587675273584614466e-02,2.257781737360373131e-01,5.752814517934521366e-01,5.660776482100354778e-01,8.742830331807877053e-01,1.461950080735351931e-01,2.038006221824272685e-02,7.416015797226804818e-01,1.903918571896293099e-01,4.892059154584512126e-01
2.961045098340160386e-01,1.922445617635454018e-01,4.771788813691647535e-01,5.441733249244450343e-01,4.126609633724664383e-01,1.403407446499416733e-01,1.351794492906073786e-01,4.196174306438018586e-01,6.386932307019715926e-01,3.932314303698055125e-01,1.631169861543710353e-01,1.954535392647586689e-01
5.276138598543974600e-01,2.169575938898678502e-01,5.490681226450966346e-01,5.807558345329866256e-01,5.936567514123226585e-01,6.308752557701208241e-01,3.821341632542484268e-01,1.058016372692782481e+00,5.478152508321395553e-01,8.374458180317132516e-01,6.107762742420810298e-01,4.133706696692898697e-01
3.867090402550210082e-01,5.491866165364256425e-01,3.485395070167681686e-01,8.857749756837506039e-02,2.496194247413217604e-01,1.028500010813665266e+00,4.818399803531241421e-01,1.014860339683319568e+00,1.066992005817054556e+00,6.472288998462354392e-01,4.976597473040765274e-01,3.931273572365632241e-01
1.007411463245112548e+00,4.818124973855406612e-01,2.422131739145226559e-02,9.480754428709517456e-02,5.544272188287746594e-01,1.600314062111109770e-01,5.251364284388352344e-01,9.396803737244909804e-01,3.098498328050128259e-01,4.127876182875934302e-02,6.734584796805129780e-01,3.489751846585879003e-01
5.074634031340603535e-01,3.101953682167380433e-01,1.005631418425424473e+00,2.300357579361012872e-01,2.656823413154177360e-01,9.161727797189351818e-01,1.347837542090626894e-02,4.016202401788440124e-01,2.343320943971096137e-01,9.052023760656635609e-01,3.515892681742895353e-05,6.195281437061596064e-01
2.459267915932026316e-01,7.264425719198090992e-01,8.523469883921986900e-01,9.907507437666819294e-01,6.434507341573755257e-01,4.128472173042844751e-01,4.935523063062085547e-01,5.123789153258669904e-01,5.392650407057358874e-01,9.271447014377851570e-01,4.723978615661516168e-05,4.622899020984328478e-01
1.046590362483355463e+00,5.451114436659137974e-01,8.496485013706480682e-01,4.420244129350318629e-01,8.691118888526079278e-01,3.720549705026125233e-03,4.869489513045630047e-01,6.579661188243823844e-01,1.191487175475766991e+00,4.127504013758966361e-01,6.857192131225244847e-01,6.488221073770732428e-01
2.188425400273326989e-03,7.704164234524322197e-01,3.224209653323637474e-05,1.010911206486499792e+00,3.373949668170656557e-01,8.253888185150239920e-01,9.711402982435893838e-01,7.083782322626375487e-05,5.188065153632105408e-01,1.626621157468616241e-01,5.913326023369436246e-01,5.968440935376070344e-01
2.514170167305299630e-01,1.393625380497785847e-08,9.151090793998836181e-01,8.939544660262674913e-01,8.843800515488727809e-01,4.310135622703948369e-05,5.777916048688762629e-01,6.680264519369766285e-01,8.518276178389556641e-01,7.382147928563093098e-01,7.747867850013919755e-01,4.059060003094475122e-01
2.198614096859394795e-01,4.242223937449239868e-01,8.754989679115815493e-01,9.978815643459757467e-01,5.597883151580916872e-01,4.266281073978888116e-01,7.618180348387825207e-01,4.236115439150070494e-01,2.769150777797199092e-01,1.913100976324223212e-01,1.079847082074516296e+00,3.364802885033307267e-01
8.270811749141140368e-01,8.788205333047907075e-01,2.761366157844421521e-01,9.733805722355876044e-02,4.046509592386626081e-02,5.159475507376509729e-01,5.185670867262734962e-01,3.836864836771811671e-01,5.330167024290340949e-01,5.276035051680236787e-01,5.036867013981598529e-01,9.099235615260622412e-01
4.879758904211985993e-01,3.200489757877894026e-01,6.401722636086264462e-01,9.318275906256968666e-01,5.008793086882681322e-01,2.061597217801161216e-02,1.738571836278241522e-01,1.311778623869227778e-01,5.725199506876403888e-01,4.320609390955771900e-01,8.696055332141483518e-01,3.582344006423876515e-01
1.063105150414012323e+00,4.995026300329306196e-02,1.147847157591519007e+00,8.694717479871985066e-01,2.933677930339644857e-01,6.157499748927863781e-01,3.145385680537202827e-02,6.587657796498369578e-01,7.188734300193538873e-01,6.473514452034832001e-01,6.343975725595220050e-01,2.787938348524519605e-01
9.275247013823507691e-01,1.908352401876257931e-02,6.530709969430892325e-01,8.085608402856009347e-01,5.553215406471517790e-01,9.206806156181664980e-01,9.908658094272103645e-01,2.754086223384353271e-01,1.161515222372616840e+00,2.068955272627257813e-01,1.099880006729436199e-01,7.712637414944040204e-01
4.035750787393085209e-02,7.843542824882921982e-01,5.029316233459182328e-01,3.356423604916767278e-01,8.341157498420062044e-01,4.257845759695448873e-01,9.905612867854842740e-01,5.804143398056800240e-01,7.848456805972606198e-02,1.524068311933561848e-01,1.673368718448362599e-04,5.597749363326812722e-01
6.035330621922925520e-02,1.388229310428543140e-01,1.440618445251344637e+00,1.123076340596540934e+00,1.509981875634921922e+00,4.648544282423131557e-01,1.262970966823977470e-01,3.372610675404346670e-01,5.142592713913120006e-01,1.057541607926052896e+00,1.800836559730124020e-01,6.224018185926866176e-01
2.865914212414538698e-01,8.408626900963074302e-01,6.801034007262140024e-01,4.183581048551898718e-01,3.136286861840639761e-01,4.735665324252829045e-01,4.577997159460518994e-01,8.304714621556346099e-01,1.013124450639912633e+00,8.031682622359520574e-01,8.152737238463318992e-01,5.190008235992198404e-01
3.543803295024745559e-01,5.163935750654782275e-01,6.841374095608701023e-01,4.218295446892609288e-05,6.895897423634135270e-01,4.242837846520993716e-01,9.284295109453094552e-01,6.971102653117955406e-01,8.212888023103319668e-01,4.457769651660795640e-01,8.763276607475856128e-01,3.076697958626089524e-01
3.595498039400333301e-01,6.286501879807940840e-01,1.236638661171615805e+00,3.702779210756634298e-01,1.032208461199478344e-01,9.657862250382385216e-01,2.408540888210489173e-02,4.224313892611030186e-01,5.799385670118787361e-01,1.824772528942941643e-05,6.738451663458148166e-01,9.325573527797400564e-01
5.830536048776683300e-01,3.325591328915300515e-01,1.203480511801285902e+00,6.444799785981504270e-01,6.651293286609982758e-01,1.219776617681160635e+00,3.561579556360389143e-02,6.513524003433576182e-01,1.641032270563057613e-05,1.123387861501287943e-01,2.500871003156457839e-04,1.954886163793523590e-01
1.475088664190850607e-01,5.707568911433555936e-01,1.063059166362622238e-01,7.750107935115335689e-02,2.076666270705829209e-02,3.539881855795450893e-01,5.443139049126768381e-01,8.797274121676078584e-01,7.761070680407662348e-01,9.507511456889183865e-01,3.866334257552695441e-01,9.953112863570275914e-01
2.182985826000598539e-01,8.535052373948109894e-01,1.256473797810129039e-05,3.167489691024305554e-01,1.000426469407606600e+00,1.686917609154080511e-01,8.214855857487769475e-01,2.734203417128541203e-01,3.932145041877245784e-01,5.374322741672947767e-01,1.273720582449332358e-05,4.011316829631779712e-01
7.172991780663658945e-01,8.346690856380452050e-01,3.832059204660552276e-01,3.991587798680028554e-01,7.130322712686435471e-01,3.170886753181150763e-01,4.407487878660488745e-01,6.588579270718066816e-01,1.070191762553104775e+00,4.670258102907547393e-01,7.433494427503417601e-01,1.439620667782629260e-01
1.653347629037900668e-01,2.764765793796420401e-01,3.462235812381057043e-01,5.314882402202968370e-01,4.951200986227464740e-01,8.580303685645075396e-01,6.674850872330369000e-01,3.246516428392980935e-01,1.099992293596154580e+00,3.272433416727996147e-01,1.629280794738026950e-01,6.089605377933241526e-01
3.010925284388404344e-01,4.484592972110199027e-01,4.562544276533907484e-01,6.003734921693383297e-01,4.150677241840193821e-01,7.965605666063453327e-01,6.318493536678758682e-01,7.869067696606418805e-01,7.063519867691291365e-01,6.947230877344433564e-01,1.031198567017183954e-03,7.401078468979775948e-01
9.861901201872973477e-01,8.809478002202233426e-01,3.388478229283331875e-05,5.505448813416418119e-01,1.882003307312214019e-02,2.499595331986504687e-01,6.610909608761418310e-01,3.986016860052561950e-01,9.221266681222521910e-01,1.386458895067049779e+00,2.017341583539319916e-01,1.398009127986715450e-01
7.757972364599887705e-01,6.730834310748824434e-01,8.446976165421847815e-01,2.273938250242946435e-01,9.909369187992641548e-01,2.385428923088533104e-01,1.216946902963693261e-01,4.334490176951348861e-01,5.697266620859364750e-02,6.178279011198343218e-01,3.665513719568239126e-01,6.957204665781422381e-01
4.984830375247535361e-01,4.374968111451681130e-03,4.100576511353397624e-01,6.453742454585431609e-01,5.807663971880955289e-01,1.127812141602280238e-05,1.121682783395660188e+00,3.200420018053920512e-01,9.877994061542881843e-01,2.288622219733573715e-01,6.546463905149989548e-01,5.603677038899606000e-01
3.891495815745928399e-01,1.010147562107579278e+00,9.221559629540718728e-01,1.137533424690463590e+00,7.856580455249181916e-02,4.396847435789967284e-01,6.001363642132493403e-01,4.742553673111539747e-01,5.767257889225714251e-01,1.230575255332499729e-01,3.421109643480568230e-01,3.626654969814567253e-01
6.473295429384982036e-01,8.946643749126101386e-02,8.280500062724013288e-01,2.254145966339132501e-01,1.074946800409576797e+00,8.009112779186482456e-01,2.068151525422661785e-01,1.108713582600269421e+00,4.701900879360127461e-01,5.713284892105205959e-01,6.889065288525656472e-01,4.735350491585528232e-01
1.341682013691844755e-01,1.690770503980780215e-01,5.432314892997959221e-01,7.119165651703706077e-01,6.135786269568902496e-01,3.390696330681277626e-01,9.124930277132702328e-01,6.702040491180855097e-01,4.934490604074864839e-01,3.882416171404289296e-01,1.109278660398908434e+00,5.959497568123900413e-01
6.268158017961642514e-01,1.250379147258173378e-05,5.907792360532286846e-01,3.186128976954030745e-01,1.016319911773593820e-01,8.047471850268177462e-01,1.082123706067221122e-02,5.001677837802416260e-01,8.269040548432475823e-01,5.091349596001795312e-05,1.730303492251157870e-05,1.013610956678991037e+00
4.486279445946930733e-01,3.182215288131155784e-02,5.281162228232147982e-01,7.153271577715603069e-01,1.348676789457704750e+00,3.075486351887272707e-01,6.161226232628054245e-01,4.958301532113240095e-01,5.252163972983957541e-01,1.592043600515543889e-01,6.920436109066865349e-01,2.832386083976489166e-01
3.985588502882367323e-01,9.750197614865311360e-06,5.671769272732476441e-01,6.284205782530685180e-01,1.314352854621397837e+00,3.787568379085983206e-01,4.051997896138048172e-01,4.068865560744194254e-01,6.082081226258537754e-01,2.830637922540036322e-01,6.816061460841189579e-01,5.413822171389554017e-01
9.430677513443411764e-01,2.431131740385485129e-01,4.801703613890504485e-01,7.319494730418897310e-01,4.849986557049559277e-01,7.919844112383004342e-01,1.140850605197589731e-05,4.922097482003290336e-01,9.689471045832621920e-02,6.483777381192802614e-03,1.477016308658172239e-01,8.583010814223016594e-01
5.928269070733146462e-01,6.249671835838550571e-01,7.310509867554591812e-02,4.414168064717172713e-01,6.598563444844233183e-01,4.718919190855571100e-01,3.443925337804450981e-01,3.467431675902254429e-01,4.622852643119477190e-01,6.835478246520771961e-01,3.241735236143207799e-01,2.237334459577799139e-01
8.160238577080712640e-05,1.738282629717919081e-01,1.094202085646919897e+00,6.307909189953400013e-05,1.047777270429471219e+00,6.240010926255319390e-01,1.357198080577702278e-03,2.687384827932711015e-04,7.979773226785566997e-01,2.304360769897263739e-01,1.159942402829234470e-01,3.678300472844351905e-04
6.502615478889552936e-01,5.180899129196220310e-01,3.614534130108733589e-01,1.072277866352497888e+00,8.875543255865562253e-01,6.946992756668187718e-01,9.816174452098819225e-01,3.868169954645314657e-01,8.739336498650546181e-01,5.318175198248560331e-01,3.493813856852101551e-01,4.993691059926098630e-01
6.891493077502365283e-01,2.012872059186759585e-02,1.372776473658445351e+00,4.249574077955647899e-01,7.302731747950941266e-01,2.715804647591920640e-01,3.007868468207787749e-01,6.973423367378165372e-01,8.343006968642028287e-01,4.042016239077251272e-01,7.635938739000358577e-01,1.329887387797126785e-01
6.415064762223793293e-01,6.123195938371277930e-02,6.594047301555545637e-01,4.535826837747773677e-02,2.599109808323833981e-01,2.765270222774873063e-05,9.410339300351575620e-01,5.275859047834486892e-01,9.078524043153721745e-01,3.385640714638653015e-01,6.293965797731922995e-01,3.845737905570952853e-01
9.090131722822837324e-01,1.413622723403006542e+00,2.229080061370677379e-01,4.792019478387103959e-01,2.965625386356872117e-01,6.362266145377359905e-01,4.968168066533918958e-01,6.880302986946643662e-01,6.446431595941075621e-01,1.799768459784521490e-01,2.407167888696388480e-01,1.278916323890167961e-01
4.923827109201771024e-01,1.795925281174846289e+00,8.251351217012304479e-03,2.281340917310390737e-01,3.372272039396051468e-01,6.068803761290586518e-01,4.396675756255497558e-01,5.547515621932153085e-01,1.282410211570245449e-05,3.648036443684452568e-01,1.292772663638290576e+00,1.109411731816842828e-01
6.132399240538084495e-01,3.521298527014922741e-01,9.579156289463988116e-01,3.214521265261460758e-01,4.656609890922678852e-01,7.269668800883556381e-01,3.251666637468957673e-03,2.647616297661368190e-01,4.754628650277245017e-01,6.610094623164679550e-01,2.461350085178376224e-01,5.971689313306517422e-01
1.002414082194318601e+00,3.660752958775964072e-01,1.198428276781530745e-04,4.859302870259353258e-01,8.250846582826471866e-05,4.482593457021387118e-01,1.458184976093616914e-01,2.994858795701413889e-01,7.072518140608328172e-05,2.241504670882217276e+00,3.971652210889531909e-01,5.584168845719897911e-01
6.992701579042592819e-01,2.337540770601604159e-02,4.500951846241971754e-01,4.986637929816910564e-01,4.726667436173283554e-01,5.318349616828245141e-01,3.542614530322871907e-02,1.021621285947454938e+00,4.455204317587754259e-01,4.126635853561974598e-01,1.855237208874906951e-01,7.683766812835712834e-01
5.859679452087471763e-01,1.210994254098244488e-01,5.485147866846742382e-01,7.170932371457416910e-01,7.224805338417676914e-01,6.355199876986138419e-01,8.924001707983699738e-01,5.029505715368627339e-01,9.491771898643029948e-01,5.380411010440426800e-01,3.875847399157263395e-01,3.896917224680211400e-01
1.035301564839866240e+00,7.674594040147161844e-02,2.381969959963302630e-01,5.217230568967657911e-01,9.017525668315552467e-01,6.207091205977578943e-06,7.730034138159846968e-01,5.865263242198109905e-01,6.494710032054671345e-01,2.017201905981539367e-01,2.756930133396015559e-01,3.273130771726077692e-01
7.679295815702691375e-01,1.017878329202398957e+00,3.653213430477893486e-01,8.497408867897299212e-01,3.090614284419013202e-01,4.862096940657020805e-01,2.467734729718259745e-01,4.592956791642017200e-01,5.799100994252323060e-01,7.254604539220934623e-01,7.428739912145710944e-01,6.678355393335293488e-01
5.673585341540723359e-01,3.768568702876454006e-03,6.092419530285211327e-01,4.797806693752711960e-01,7.454947788464664216e-01,3.307014831835460803e-03,5.336630763961993651e-01,6.425735745360071638e-01,3.690412590490221856e-01,5.200269368740829679e-01,2.228203279006787663e-01,3.500633670803451336e-01
4.719031440168718339e-01,6.523718706723902888e-03,6.505961113458611500e-01,3.719951372498031539e-01,1.268453701321973215e+00,7.985117984898399968e-01,2.359143642693346463e-02,7.502133178401562130e-01,6.728527880270389616e-01,4.008493743967287415e-01,1.812722092457015322e-01,4.536034916651056625e-01
4.395175895878614125e-02,7.152209400759543811e-01,5.674267938641528591e-02,8.446405899980748977e-01,1.663120875553561473e-01,2.601279560850884298e-01,4.189963832747969907e-02,5.202537925977652744e-01,4.554460255064735064e-01,1.746191840625003433e+00,3.994965108415752159e-05,6.045541532152622910e-01
3.152990120158969400e-01,4.151384879362550739e-01,3.163182685854703524e-01,2.486539949257845494e-01,6.923490957360339815e-01,3.250145876598443118e-01,7.415061323187464026e-01,4.311235563723868069e-01,4.770818675956787769e-01,5.902040798476045902e-01,1.767951976491555222e-01,1.029650874477429645e-01
7.411418410810279855e-01,9.072536070031108624e-01,2.658050305953491010e-01,2.481841407514399078e-01,2.126902425322587387e-01,8.159332934041400032e-01,8.725594476227352958e-01,1.708548720449791503e-01,5.015809312045352852e-01,4.016535015902232275e-01,2.705345133501218524e-01,1.569068389339380587e-01
4.390316091394568798e-01,4.549390784950277933e-01,1.210321112319178438e-01,1.996263854656970538e-01,8.029897631018800830e-01,3.598855683229345570e-01,6.384901231852092574e-01,7.206362551092531099e-01,2.808176831690868958e-01,6.975280114834589984e-01,5.027859557735068208e-01,4.975955819977832123e-02
6.851286136452671149e-01,2.800837346643091919e-01,2.051836372704531619e-01,1.437077390354369044e-01,9.993097496970837490e-01,6.557689808559694633e-01,5.854547540447367915e-01,4.999103813530227924e-01,6.496672745976562746e-01,8.044852026827843394e-01,3.121605721340576789e-01,1.868360014398533497e-01
3.794772249419278154e-01,1.021579734504256765e+00,5.375214036507489634e-01,6.643929463101101440e-01,5.716476279785975834e-01,7.057711471740946152e-01,4.209339684019198363e-03,6.630350089788165091e-01,6.227542593295530837e-01,1.148065224457069489e+00,4.132439160897655563e-05,1.050078461987891787e+00
8.089472510582806919e-01,1.596311229870333248e+00,1.381028082166179394e-01,5.451801916399453551e-01,6.106915709530724300e-05,8.249106989993564287e-01,6.613481129834061778e-02,1.023479222769977612e-04,4.504683385077364322e-01,4.665921288712627087e-05,5.160151221220639073e-01,1.024849820812470558e+00
4.658318361112889217e-01,8.061903065962057191e-01,1.776296375246691206e-01,2.121879128354130727e-05,4.215402259073908198e-02,1.356517607724102792e+00,1.083805024654470817e+00,1.317706382434786549e+00,5.511850132324249696e-01,6.959051045842800098e-01,5.573279385987726098e-01,5.808163321320233274e-01
7.367736941058274924e-01,2.628060516825302118e-02,8.614589229288972527e-01,6.654335761033493002e-01,5.428741012005989797e-01,7.844334794103839659e-03,7.241107641989080745e-01,7.319428422814244772e-01,8.124538844966273654e-01,8.567265673985299812e-02,6.992943198331682542e-01,5.445069929822545785e-01
8.401454157038314996e-01,2.771576995304728674e-01,7.069117313585533413e-01,9.192822874865571592e-01,3.690949510453355176e-01,8.003951685103096736e-01,6.013060834076845440e-01,3.978954549249104633e-01,8.113159863493553114e-01,1.576433817782192104e-01,9.343485151185008108e-01,2.160042959311858635e-01
6.007298888691566807e-01,1.726268956988431524e-01,4.753908561399425858e-01,9.005248690761226416e-02,3.467848586200597549e-01,5.881001805998443688e-01,8.045293159709288044e-01,3.321479445427856780e-01,3.727668397160910363e-01,5.514581307818933187e-01,3.997203450139625303e-01,7.909250353712167225e-01
5.530992328802382119e-01,6.609840136907859653e-01,5.238072803389362715e-03,5.077100797332586568e-01,7.502643646225034546e-01,7.310204475276353975e-01,8.201827919446001980e-01,9.635646528941547162e-01,2.420330681010040563e-01,7.516454324214504046e-02,1.729781946051591746e-01,3.464090126603754927e-01
